Entered DemOn,URN,Day,Month,Year,Site code,County code,Cap time,Ring no,Type,Cohort,Age,Sex,Plum,Wing ini,Wing,Wing Pt,Tars (& toe),Bill,THL,Wht,Time,Moult,P1,P2,P3,P4,P5,P6,P7,P8,P9,P10,Scheme,Ring No,Age (days),Code,LA,LB,RA,RB,Comments
Y,1,10,06,2021,Pensthorpe,GBNOR,,FA95501,H,,3,,,NAC,150,,,43.8,83.1,370.0,1430,,,,,,,,,,,,,,25,0A,YFN(0A)O,,Y,M,
Y,2,10,06,2021,Pensthorpe,GBNOR,,FA95502,H,,3,,,NAC,166,,,45.5,86.2,350.0,1440,,,,,,,,,,,,,,29,0C,YFN(0C)O,,Y,M,
<<<<<<< HEAD
Ring destroyed,,,,,,,,FA95503,,,3,,,NAC,,,,,,,,,,,,,,,,,,,,,,,,,Y,,
=======
,3,,,,,Ring destroyed,,FA95503,,,3,,,NAC,,,,,,,,,,,,,,,,,,,,,,,,,Y,,
>>>>>>> 4e6e453704612065faf22e9f71c67b6cf3c35d58
Y,4,10,06,2021,Pensthorpe,GBNOR,,FA95504,H,,3,,,NAC,193,,,56.8,100.4,520.0,1450,,,,,,,,,,,,,,29,0E,YFN(0E)O,,Y,M,
Y,5,10,06,2021,Pensthorpe,GBNOR,,FA95505,H,,3,,,NAC,179,,,55.6,96.7,455.0,1500,,,,,,,,,,,,,,20,0J,YFN(0J)O,,Y,M,
Y,6,10,06,2021,Pensthorpe,GBNOR,,FA95506,H,,3,,,JAC,114,,,42.6,86.0,310.0,1510,,,,,,,,,,,,,,23,0K,YFN(0K)O,,Y,M,
Y,7,10,06,2021,Pensthorpe,GBNOR,,FA95507,H,,3,,,NAC,133,,,43.3,84.1,290.0,1518,,,,,,,,,,,,,,25,0L,YFN(0L)O,,Y,M,
Y,8,10,06,2021,Pensthorpe,GBNOR,,FA95508,H,,3,,,NAC,97,,,43.4,83.1,270.0,1526,,,,,,,,,,,,,,22,0N,YFN(0N)O,,Y,M,
Y,9,10,06,2021,Pensthorpe,GBNOR,,FA95509,H,,3,,,NAC,142,,,48.1,86.9,340.0,1530,,,,,,,,,,,,,,25,0U,YFN(0U)O,,Y,M,
,10,03,07,2021,Sandringham,GBNOR,,FA95504,R,,3,,,JAC,288,,,,,662.0,1055,,,,,,,,,,,,,,52,0E,,,,,GPS 203285
,11,03,07,2021,Sandringham,GBNOR,,FA95505,R,,3,,,JAC,277,,,,,585.0,1100,,,,,,,,,,,,,,43,0J,,,,,GPS 203286
,12,03,07,2021,Sandringham,GBNOR,,FA95507,R,,3,,,JAC,244,,,,,468.0,1103,,,,,,,,,,,,,,48,0L,,,,,
,13,03,07,2021,Sandringham,GBNOR,,FA95506,R,,3,,,JAC,253,,,,,571.0,1106,,,,,,,,,,,,,,46,0K,,,,,
,14,03,07,2021,Sandringham,GBNOR,,FA95501,R,,3,,,JAC,255,,,,,485.0,1110,,,,,,,,,,,,,,48,0A,,,,,
,15,03,07,2021,Sandringham,GBNOR,,FA95509,R,,3,,,JAC,252,,,,,511.0,1113,,,,,,,,,,,,,,48,0U,,,,,
,16,03,07,2021,Sandringham,GBNOR,,FA95508,R,,3,,,JAC,239,,,,,524.0,1115,,,,,,,,,,,,,,45,0N,,,,,
,17,03,07,2021,Sandringham,GBNOR,,FA95502,R,,3,,,JAC,270,,,,,512.0,1119,,,,,,,,,,,,,,52,0C,,,,,
Y,18,26,06,2021,Pensthorpe,GBNOR,,FA95510,H,,3,,,DJH,204,,132,63.3,106.5,506.0,1005,,,,,,,,,,,,,,35,0P,YFN(0P)O,,Y,M,
Y,19,26,06,2021,Pensthorpe,GBNOR,,FA95511,H,,3,,,DJH,184,,130,56.1,98.1,418.0,1014,,,,,,,,,,,,,,33,0T,YFN(0T)O,,Y,M,
Y,20,26,06,2021,Pensthorpe,GBNOR,,FA95512,H,,3,,,DJH,197,,123,53.0,92.7,395.0,1025,,,,,,,,,,,,,,36,0V,YFN(0V)O,,Y,M,
Y,21,26,06,2021,Pensthorpe,GBNOR,,FA95513,H,,3,,,DJH,185,,128,54.3,94.1,430.0,1031,,,,,,,,,,,,,,33,0X,YFN(0X)O,,Y,M,
Y,22,26,06,2021,Pensthorpe,GBNOR,,FA95514,H,,3,,,DJH,167,,131,55.7,94.3,401.0,1039,,,,,,,,,,,,,,28,0Y,YFN(0Y)O,,Y,M,
Y,23,26,06,2021,Pensthorpe,GBNOR,,FA95515,H,,3,,,DJH,215,,131,68.8,110.4,528.0,1047,,,,,,,,,,,,,,38,2A,YFN(2A)O,,Y,M,
Y,24,26,06,2021,Pensthorpe,GBNOR,,FA95516,H,,3,,,DJH,180,,127,52.5,94.6,401.0,1055,,,,,,,,,,,,,,31,2C,YFN(2C)O,,Y,M,
Y,25,26,06,2021,Pensthorpe,GBNOR,,FA95517,H,,3,,,DJH,191,,131,59.6,99.2,454.0,1102,,,,,,,,,,,,,,37,2E,YFN(2E)O,,Y,M,
Y,26,26,06,2021,Pensthorpe,GBNOR,,FA95518,H,,3,,,DJH,177,,133,54.5,97.4,420.0,1111,,,,,,,,,,,,,,29,2H,YFN(2H)O,,Y,M,Beak curved left 1cm
Y,27,26,06,2021,Pensthorpe,GBNOR,,FA95519,H,,3,,,DJH,190,,129,57.1,98.7,460.0,1152,,,,,,,,,,,,,,34,2J,YFN(2J)O,,Y,M,
Y,28,26,06,2021,Pensthorpe,GBNOR,,FA95520,H,,3,,,DJH,163,,126,41.9,92.5,413.0,1200,,,,,,,,,,,,,,31,2K,YFN(2K)O,,Y,M,
Y,29,26,06,2021,Pensthorpe,GBNOR,,FA95521,H,,3,,,DJH,162,,132,54.2,94.7,401.0,1208,,,,,,,,,,,,,,30,2L,YFN(2L)O,,Y,M,
Y,30,26,06,2021,Pensthorpe,GBNOR,,FA95522,H,,3,,,DJH,191,,132,57.1,99.8,440.0,1216,,,,,,,,,,,,,,32,2N,YFN(2N)O,,Y,M,
Y,31,26,06,2021,Pensthorpe,GBNOR,,FA95523,H,,3,,,DJH,170,,136,51.8,95.1,439.0,1224,,,,,,,,,,,,,,27,2P,YFN(2P)O,,Y,M,
Y,32,26,06,2021,Pensthorpe,GBNOR,,FA95524,H,,3,,,DJH,162,,128,51.2,93.7,378.0,1233,,,,,,,,,,,,,,37,2T,YFN(2T)O,,Y,M,
Y,33,26,06,2021,Pensthorpe,GBNOR,,FA95525,H,,3,,,DJH,174,,132,56.5,98.9,410.0,1249,,,,,,,,,,,,,,34,2U,YFN(2U)O,,Y,M,
Y,34,26,06,2021,Pensthorpe,GBNOR,,FA95526,H,,3,,,DJH,173,,132,52.8,93.0,328.0,1259,,,,,,,,,,,,,,29,2V,YFN(2V)O,,Y,M,
Y,35,26,06,2021,Pensthorpe,GBNOR,,FA95527,H,,3,,,DJH,165,,124,43.4,83.3,365.0,1307,,,,,,,,,,,,,,27,2X,YFN(2X)O,,Y,M,
,36,08,07,2021,Ken Hill,GBNOR,,FA95515,R,,3,,,NAC,260,,128,86.8,,663.0,1307,,,,,,,,,,,,,,50,2A,,,,,
,37,08,07,2021,Ken Hill,GBNOR,,FA95512,R,,3,,,NAC,243,,125,69.2,,496.6,1311,,,,,,,,,,,,,,48,0V,,,,,
,38,08,07,2021,Ken Hill,GBNOR,,FA95517,R,,3,,,NAC,242,,133,76.0,,568.0,1314,,,,,,,,,,,,,,49,2E,,,,,
,39,08,07,2021,Ken Hill,GBNOR,,FA95510,R,,3,,,NAC,251,,133,81.0,,575.0,1316,,,,,,,,,,,,,,47,0P,,,,,
,40,08,07,2021,Ken Hill,GBNOR,,FA95525,R,,3,,,NAC,234,,132,75.0,,560.0,1319,,,,,,,,,,,,,,46,2U,,,,,
,41,08,07,2021,Ken Hill,GBNOR,,FA95519,R,,3,,,NAC,242,,129,73.0,,510.0,1323,,,,,,,,,,,,,,46,2J,,,,,
,42,08,07,2021,Ken Hill,GBNOR,,FA95522,R,,3,,,,,,,,,481.0,,,,,,,,,,,,,,,44,2N,,,,,
,43,08,07,2021,Ken Hill,GBNOR,,FA95513,R,,3,,,,,,,,,489.0,,,,,,,,,,,,,,,45,0X,,,,,
,44,08,07,2021,Ken Hill,GBNOR,,FA95511,R,,3,,,,,,,,,471.0,,,,,,,,,,,,,,,45,0T,,,,,
,45,08,07,2021,Ken Hill,GBNOR,,FA95520,R,,3,,,,,,,,,524.0,,,,,,,,,,,,,,,43,2K,,,,,
,46,08,07,2021,Ken Hill,GBNOR,,FA95516,R,,3,,,,,,,,,474.0,,,,,,,,,,,,,,,43,2C,,,,,
,47,08,07,2021,Ken Hill,GBNOR,,FA95521,R,,3,,,,,,,,,463.0,,,,,,,,,,,,,,,43,2L,,,,,
,48,08,07,2021,Ken Hill,GBNOR,,FA95518,R,,3,,,,,,,,,524.0,,,,,,,,,,,,,,,41,2H,,,,,
,49,08,07,2021,Ken Hill,GBNOR,,FA95526,R,,3,,,,,,,,,457.0,,,,,,,,,,,,,,,41,2V,,,,,
,50,08,07,2021,Ken Hill,GBNOR,,FA95514,R,,3,,,,,,,,,537.0,,,,,,,,,,,,,,,40,0Y,,,,,
,51,08,07,2021,Ken Hill,GBNOR,,FA95523,R,,3,,,,,,,,,563.0,,,,,,,,,,,,,,,39,2P,,,,,
,52,08,07,2021,Ken Hill,GBNOR,,FA95527,R,,3,,,,,,,,,491.0,,,,,,,,,,,,,,,39,2X,,,,,
,53,10,07,2021,Pensthorpe,GBNOR,,FA95524,R,,3,,,,,,,,,463.0,1109,,,,,,,,,,,,,,51,2T,,,,,odd development
Y,54,10,07,2021,Pensthorpe,GBNOR,,FA95528,H,,3,,,SEF,228,,128,59.5,100.6,503.0,1122,,,,,,,,,,,,,,41,2Y,YFN(2Y)O,,Y,M,
Y,55,10,07,2021,Pensthorpe,GBNOR,,FA95529,H,,3,,,SEF,237,,129,59.6,102.5,509.0,1133,,,,,,,,,,,,,,39,3A,YFN(3A)O,,Y,M,
Y,56,10,07,2021,Pensthorpe,GBNOR,,FA95530,H,,3,,,SEF,224,,127,60.0,100.5,403.0,1143,,,,,,,,,,,,,,43,3C,YFN(3C)O,,Y,M,odd under development of feather sheaths
Y,57,10,07,2021,Pensthorpe,GBNOR,,FA95531,H,,3,,,SEF,224,,125,68.0,107.1,499.0,1154,,,,,,,,,,,,,,44,3E,YFN(3E)O,,Y,M,
<<<<<<< HEAD
Not released,58,10,07,2021,Pensthorpe,GBNOR,,FA95532,H,,3,,,SEF,196,,127,58.5,108.0,359.0,1206,,,,,,,,,,,,,,40,3H,YFN(3H)O,,Y,M,bad feathers and condition; DEEMED UNFIT FOR RELEASE
=======
Y,58,10,07,2021,Pensthorpe,GBNOR,,FA95532,H,,3,,,SEF,196,,127,58.5,108.0,359.0,1206,,,,,,,,,,,,,,40,3H,YFN(3H)O,,Y,M,bad feathers and condition; DEEMED UNFIT FOR RELEASE
>>>>>>> 4e6e453704612065faf22e9f71c67b6cf3c35d58
Y,59,10,07,2021,Pensthorpe,GBNOR,,FA95533,H,,3,,,SEF,207,,128,61.6,100.6,407.0,1214,,,,,,,,,,,,,,35,3J,YFN(3J)O,,Y,M,"weight originally recorded as 507, think 407 is correct based on second weight at release site; should be 407? bad feathers in the past, now improved"
Y,60,10,07,2021,Pensthorpe,GBNOR,,FA95534,H,,3,,,SEF,230,,135,65.5,110.1,490.0,1226,,,,,,,,,,,,,,40,3K,YFN(3K)O,,Y,M,
Y,61,10,07,2021,Pensthorpe,GBNOR,,FA95535,H,,3,,,SEF,222,,128,64.9,109.2,464.0,1248,,,,,,,,,,,,,,45,3L,YFN(3L)O,,Y,M,
Y,62,10,07,2021,Pensthorpe,GBNOR,,FA95536,H,,3,,,SEF,207,,125,53.6,96.4,408.0,1300,,,,,,,,,,,,,,38,3N,YFN(3N)O,,Y,M,
Y,63,10,07,2021,Pensthorpe,GBNOR,,FA95537,H,,3,,,SEF,213,,126,52.0,94.8,381.0,1305,,,,,,,,,,,,,,45,3P,YFN(3P)O,,Y,M,
Y,64,10,07,2021,Pensthorpe,GBNOR,,FA95538,H,,3,,,SEF,208,,129,56.8,102.4,474.0,1310,,,,,,,,,,,,,,39,3T,YFN(3T)O,,Y,M,
Y,65,10,07,2021,Pensthorpe,GBNOR,,FA95539,H,,3,,,SEF,226,,128,67.4,111.5,494.0,1315,,,,,,,,,,,,,,44,3U,YFN(3U)O,,Y,M,
Y,66,10,07,2021,Pensthorpe,GBNOR,,FA95540,H,,3,,,SEF,203,,134,62.0,105.0,464.0,1323,,,,,,,,,,,,,,39,3V,YFN(3V)O,,Y,M,
Y,67,10,07,2021,Pensthorpe,GBNOR,,FA95541,H,,3,,,SEF,187,,124,57.2,102.9,407.0,1327,,,,,,,,,,,,,,34,3X,YFN(3X)O,,Y,M,
Y,68,10,07,2021,Pensthorpe,GBNOR,,FA95542,H,,3,,,SEF,212,,125,62.0,102.6,471.0,1334,,,,,,,,,,,,,,40,3Y,YFN(3Y)O,,Y,M,
Y,69,10,07,2021,Pensthorpe,GBNOR,,FA95543,H,,3,,,SEF,205,,127,57.4,100.8,462.0,1340,,,,,,,,,,,,,,38,4A,YFN(4A)O,,Y,M,
Y,70,10,07,2021,Pensthorpe,GBNOR,,FA95544,H,,3,,,SEF,188,,128,52.0,95.1,411.0,1346,,,,,,,,,,,,,,35,4C,YFN(4C)O,,Y,M,odd underdeveloped feather sheaths
Y,71,10,07,2021,Pensthorpe,GBNOR,,FA95545,H,,3,,,SEF,192,,120,49.7,91.8,336.0,1350,,,,,,,,,,,,,,40,4E,YFN(4E)O,,Y,M,very underdeveloped
,72,17,07,2021,Ken Hill,GBNOR,,FA95524,R,,3,,,,,,,,,515.0,,,,,,,,,,,,,,,58,2T,,,,,
,73,17,07,2021,Ken Hill,GBNOR,,FA95529,R,,3,,,NAC,258,,135,70.0,,551.0,,,,,,,,,,,,,,,46,3A,,,,,
,74,17,07,2021,Ken Hill,GBNOR,,FA95528,R,,3,,,NAC,251,,127,69.0,,530.0,,,,,,,,,,,,,,,48,2Y,,,,,extensive white feather centres
,75,17,07,2021,Ken Hill,GBNOR,,FA95535,R,,3,,,NAC,243,,127,75.0,,494.0,,,,,,,,,,,,,,,52,3L,,,,,"tiny bit pale feather centres, healed nick to top of bill"
,76,17,07,2021,Ken Hill,GBNOR,,FA95539,R,,3,,,NAC,251,,126,80.0,,482.0,,,,,,,,,,,,,,,51,3U,,,,,some white mid centre 4 primaries
,77,17,07,2021,Ken Hill,GBNOR,,FA95531,R,,3,,,NAC,248,,122,74.0,,512.0,,,,,,,,,,,,,,,51,3E,,,,,
,78,17,07,2021,Ken Hill,GBNOR,,FA95533,R,,3,,,,,,,,,455.0,,,,,,,,,,,,,,,42,3J,,,,,not great primaries
,79,20,07,2021,Sandringham,GBNOR,,FA95541,R,,3,,,NAC,232,,126,74.0,,525.0,,,,,,,,,,,,,,,44,3X,,,,,primary 1 fault bar mid wing
,80,20,07,2021,Sandringham,GBNOR,,FA95545,R,,3,,,NAC,235,,124,63.0,,426.0,,,,,,,,,,,,,,,50,4E,,,,,good
,81,20,07,2021,Sandringham,GBNOR,,FA95544,R,,3,,,NAC,230,,128,66.0,,495.0,,,,,,,,,,,,,,,45,4C,,,,,primaries strong but white flecking
,82,20,07,2021,Sandringham,GBNOR,,FA95536,R,,3,,,NAC,245,,124,66.0,,471.0,,,,,,,,,,,,,,,48,3N,,,,,good
,83,20,07,2021,Sandringham,GBNOR,,FA95530,R,,3,,,NAC,255,,126,68.0,,446.0,,,,,,,,,,,,,,,53,3C,,,,,white corners but strong
,84,20,07,2021,Sandringham,GBNOR,,FA95537,R,,3,,,NAC,248,,123,65.0,,500.0,,,,,,,,,,,,,,,55,3P,,,,,good
,85,20,07,2021,Sandringham,GBNOR,,FA95543,R,,3,,,NAC,244,,128,70.0,,515.0,,,,,,,,,,,,,,,48,4A,,,,,good; radio tag
,86,20,07,2021,Sandringham,GBNOR,,FA95538,R,,3,,,NAC,247,,129,76.0,,580.0,,,,,,,,,,,,,,,49,3T,,,,,"good, normal"
,87,20,07,2021,Sandringham,GBNOR,,FA95542,R,,3,,,NAC,250,,127,77.0,,508.0,,,,,,,,,,,,,,,50,3Y,,,,,slightly pale mid wing
,88,20,07,2021,Sandringham,GBNOR,,FA95534,R,,3,,,NAC,264,,132,79.0,,532.0,,,,,,,,,,,,,,,50,3K,,,,,good
,89,20,07,2021,Sandringham,GBNOR,,FA95540,R,,3,,,NAC,242,,135,74.0,,554.0,,,,,,,,,,,,,,,49,3V,,,,,slight uneveness outer primaries
Y,90,20,07,2021,Pensthorpe,GBNOR,,FA95546,H,,3,,,NAC,197,,134,61.0,,556.0,1545,,,,,,,,,,,,,,37,4H,YFN(4H)O,,Y,M,wing good
Y,91,20,07,2021,Pensthorpe,GBNOR,,FA95547,H,,3,,,NAC,193,,129,55.3,,394.0,1555,,,,,,,,,,,,,,36,4J,YFN(4J)O,,Y,M,"white wing centres, but will prob be ok"
Y,92,20,07,2021,Pensthorpe,GBNOR,,FA95548,H,,3,,,NAC,215,,133,70.7,,507.0,1600,,,,,,,,,,,,,,43,4K,YFN(4K)O,,Y,M,white in primaries + coverts; bit in secondaries
Y,93,20,07,2021,Pensthorpe,GBNOR,,FA95549,H,,3,,,NAC,228,,134,61.0,,442.0,1610,,,,,,,,,,,,,,43,4L,YFN(4L)O,,Y,M,white in primaries
Y,94,20,07,2021,Pensthorpe,GBNOR,,FA95550,H,,3,,,NAC,204,,128,54.0,,435.0,1620,,,,,,,,,,,,,,38,4N,YFN(4N)O,,Y,M,Colour-marks later removed; one primary not great on the edge
Y,95,20,07,2021,Pensthorpe,GBNOR,,FA95551,H,,3,,,NAC,202,,122,55.5,,402.0,1625,,,,,,,,,,,,,,36,4P,YFN(4P)O,,Y,M,bit of white in primaries
Y,96,20,07,2021,Pensthorpe,GBNOR,,FA95552,H,,3,,,NAC,208,,133,67.2,,540.3,1635,,,,,,,,,,,,,,37,4T,YFN(4T)O,,Y,M,quite a bit of white in wing but good bird
Y,97,20,07,2021,Pensthorpe,GBNOR,,FA95553,H,,3,,,NAC,194,,128,54.0,,426.0,1640,,,,,,,,,,,,,,38,4U,YFN(4U)O,,Y,M,"wing not bad, bit of poorer barbules"
Y,98,20,07,2021,Pensthorpe,GBNOR,,FA95554,H,,3,,,NAC,197,,129,57.0,,450.0,1650,,,,,,,,,,,,,,38,4V,YFN(4V)O,,Y,M,wing good
Y,99,20,07,2021,Pensthorpe,GBNOR,,FA95555,H,,3,,,NAC,224,,129,72.8,,485.0,1655,,,,,,,,,,,,,,40,4X,YFN(4X)O,,Y,M,not good wing development
Y,100,20,07,2021,Pensthorpe,GBNOR,,FA95556,H,,3,,,NAC,193,,138,65.0,,475.0,1700,,,,,,,,,,,,,,37,4Y,YFN(4Y)O,,Y,M,"most white yet, almost to the tips"
Y,101,20,07,2021,Pensthorpe,GBNOR,,FA95557,H,,3,,,NAC,213,,137,72.0,,541.0,1710,,,,,,,,,,,,,,40,5A,YFN(5A)O,,Y,M,wing a bit rough barbules in bottom third
Y,102,20,07,2021,Pensthorpe,GBNOR,,FA95558,H,,3,,,NAC,206,,126,62.7,,390.0,1715,,,,,,,,,,,,,,36,5C,YFN(5C)O,,Y,M,"white in wing, moderate amounts"
Y,103,20,07,2021,Pensthorpe,GBNOR,,FA95559,H,,3,,,NAC,207,,127,58.9,,454.0,1725,,,,,,,,,,,,,,35,5E,YFN(5E)O,,Y,M,"wing tips alright + primary coverts, white centres"
Y,104,20,07,2021,Pensthorpe,GBNOR,,FA95560,H,,3,,,NAC,218,,122,60.2,,424.0,1730,,,,,,,,,,,,,,43,5H,YFN(5H)O,,Y,M,
,105,29,07,2021,Ken Hill,GBNOR,,FA95560,R,,3,,,JAC,241,,119,70.3,114.5,456.0,0926,,,,,,,,,,,,,,52,5H,,,,,
,106,29,07,2021,Ken Hill,GBNOR,,FA95551,R,,3,,,JAC,240,,121,64.8,106.8,462.0,0929,,,,,,,,,,,,,,45,4P,,,,,little white in centres only
,107,29,07,2021,Ken Hill,GBNOR,,FA95558,R,,3,,,JAC,238,,124,70.5,116.2,461.0,0932,,,,,,,,,,,,,,45,5C,,,,,"some white centres, bad tips"
,108,29,07,2021,Ken Hill,GBNOR,,FA95553,R,,3,,,JAC,233,,128,67.8,108.0,498.0,0935,,,,,,,,,,,,,,47,4U,,,,,slight bill damage; good; few pinched
,109,29,07,2021,Ken Hill,GBNOR,,FA95559,R,,3,,,JAC,242,,125,69.8,116.4,498.0,0938,,,,,,,,,,,,,,44,5E,,,,,"lots white all primaries, secondaries; good shape"
,110,29,07,2021,Ken Hill,GBNOR,,FA95549,R,,3,,,JAC,257,,132,73.4,118.5,495.0,0941,,,,,,,,,,,,,,52,4L,,,,,"lots white in primaries, secondaries better, tip poorer"
,111,29,07,2021,Ken Hill,GBNOR,,FA95546,R,,3,,,JAC,235,,132,76.6,125.5,598.0,0956,,,,,,,,,,,,,,46,4H,,,,,close to normal
,112,29,07,2021,Ken Hill,GBNOR,,FA95557,R,,3,,,JAC,251,,135,84.2,130.8,594.0,1006,,,,,,,,,,,,,,49,5A,,,,,"not great, some white, worn tips"
,113,29,07,2021,Ken Hill,GBNOR,,FA95548,R,,3,,,JAC,252,,132,83.5,128.5,534.0,1018,,,,,,,,,,,,,,52,4K,,,,,"lots of white all primaries, fault bars, poor tips"
,114,29,07,2021,Ken Hill,GBNOR,,FA95555,R,,3,,,JAC,258,,131,82.4,129.5,530.0,1022,,,,,,,,,,,,,,49,4X,,,,,"fault bars, damaged tip, white diffuse primaries"
,115,29,07,2021,Ken Hill,GBNOR,,FA95554,R,,3,,,JAC,237,,127,68.5,111.7,518.0,1035,,,,,,,,,,,,,,47,4V,,,,,nice wing!
Y,116,29,07,2021,Pensthorpe,GBNOR,,FA95561,H,,3,,,JAC,233,,131,76.8,125.6,567.0,1305,,,,,,,,,,,,,,45,5J,YFN(5J)O,,Y,M,tips ok; central white
Y,117,29,07,2021,Pensthorpe,GBNOR,,FA95562,H,,3,,,JAC,228,,134,73.1,122.2,599.0,1315,,,,,,,,,,,,,,42,5K,YFN(5K)O,,Y,M,good wing
Y,118,29,07,2021,Pensthorpe,GBNOR,,FA95563,H,,3,,,JAC,218,,135,70.5,116.5,569.0,1320,,,,,,,,,,,,,,43,5L,YFN(5L)O,,Y,M,very good wing
Y,119,29,07,2021,Pensthorpe,GBNOR,,FA95564,H,,3,,,JAC,216,,138,63.8,111.8,572.0,1330,,,,,,,,,,,,,,42,5N,YFN(5N)O,,Y,M,"mid damage, mid third affected"
Y,120,29,07,2021,Pensthorpe,GBNOR,,FA95565,H,,3,,,JAC,232,,135,69.2,116.2,565.0,1338,,,,,,,,,,,,,,42,5P,YFN(5P)O,,Y,M,"fairly good, tips poorer"
Y,121,29,07,2021,Pensthorpe,GBNOR,,FA95566,H,,3,,,JAC,232,,136,67.9,117.1,577.0,1345,,,,,,,,,,,,,,43,5T,YFN(5T)O,,Y,M,"grey tips, wing a big scraggly"
Y,122,29,07,2021,Pensthorpe,GBNOR,,FA95567,H,,3,,,JAC,220,,125,66.2,110.5,497.0,1350,,,,,,,,,,,,,,43,5U,YFN(5U)O,,Y,M,lots of central white; tips ok
Y,123,29,07,2021,Pensthorpe,GBNOR,,FA95568,H,,3,,,JAC,233,,133,68.0,115.1,565.0,1400,,,,,,,,,,,,,,43,5V,YFN(5V)O,,Y,M,pretty good; a little bit of white; fault bars
,124,29,07,2021,Pensthorpe,GBNOR,,FA95547,R,,3,,,JAC,233,,129,67.5,,451.0,1405,,,,,,,,,,,,,,45,4J,,,Y,M,
,125,29,07,2021,Pensthorpe,GBNOR,,FA95550,R,,3,,,,,,,,,,,,,,,,,,,,,,,,,4N,,,Y,M,colour marks removed
Y,126,29,07,2021,Pensthorpe,GBNOR,,FA95569,H,,3,,,JAC,220,,135,62.1,108.0,551.0,1420,,,,,,,,,,,,,,39,5X,YFN(5X)O,,Y,M,tips middling; central white
Y,127,29,07,2021,Pensthorpe,GBNOR,,FA95570,H,,3,,,JAC,208,,139,61.7,107.3,483.0,1429,,,,,,,,,,,,,,40,5Y,YFN(5Y)O,,Y,M,central whites; tips ....?
Y,128,29,07,2021,Pensthorpe,GBNOR,,FA95571,H,,3,,,JAC,220,,131,70.7,116.0,532.0,1436,,,,,,,,,,,,,,30,6A,YFN(6A)O,,Y,M,?? can't read
,129,29,07,2021,Pensthorpe,GBNOR,,FA95552,R,,3,,,JAC,245,,132,84.3,132.5,614.0,1440,,,,,,,,,,,,,,46,4T,,,,,lot s of white in middle; tips not bad
,130,29,07,2021,Pensthorpe,GBNOR,,FA95556,R,,3,,,JAC,232,,135,75.0,125.6,559.0,1444,,,,,,,,,,,,,,46,4Y,,,,,lots of white but better.... had been
Y,131,29,07,2021,Pensthorpe,GBNOR,,FA95572,H,,3,,,JAC,232,,133,61.1,107.2,514.0,1450,,,,,,,,,,,,,,44,6C,YFN(6C)O,,Y,M,wings good
Y,132,29,07,2021,Pensthorpe,GBNOR,,FA95573,H,,3,,,JAC,237,,128,69.2,114.1,539.0,1510,,,,,,,,,,,,,,49,6E,YFN(6E)O,,Y,M,tips not great; otherwise good primaries
Y,133,29,07,2021,Pensthorpe,GBNOR,,FA95574,H,,3,,,JAC,242,,127,66.2,110.5,455.0,1515,,,,,,,,,,,,,,44,6H,YFN(6H)O,,Y,M,"central white, but bottom third / middle third; tips ok"
Y,134,29,07,2021,Pensthorpe,GBNOR,,FA95575,H,,3,,,JAC,226,,135,67.3,115.5,497.0,1525,,,,,,,,,,,,,,42,6J,YFN(6J)O,,Y,M,central quite white; good tips; broad
Y,135,29,07,2021,Pensthorpe,GBNOR,,FA95576,H,,3,,,JAC,223,,123,66.3,108.5,528.0,1530,,,,,,,,,,,,,,43,6K,YFN(6K)O,,Y,M,good wing
Y,136,29,07,2021,Pensthorpe,GBNOR,,FA95577,H,,3,,,JAC,218,,132,66.6,111.6,548.0,1540,,,,,,,,,,,,,,39,6L,YFN(6L)O,,Y,M,good wing
Y,137,29,07,2021,Pensthorpe,GBNOR,,FA95578,H,,3,,,JAC,212,,138,63.2,110.8,498.0,1545,,,,,,,,,,,,,,41,6N,YFN(6N)O,,Y,M,sharp keel; white central third; loose tips
Y,138,29,07,2021,Pensthorpe,GBNOR,,FA95579,H,,3,,,JAC,222,,128,65.5,110.6,517.0,1555,,,,,,,,,,,,,,43,6P,YFN(6P)O,,Y,M,tips middling; central white
Y,139,29,07,2021,Pensthorpe,GBNOR,,FA95580,H,,3,,,JAC,181,,119,47.8,92.6,416.0,1600,,,,,,,,,,,,,,39,6T,YFN(6T)O,,Y,M,very underdeveloped; good wing
,140,03,08,2021,Sandringham,GBNOR,,FA95562,R,,3,,,SEF,252,,135,84.0,129.7,530.0,1647,,,,,,,,,,,,,,47,5K,,,,,leg cramp in pen
,141,03,08,2021,Sandringham,GBNOR,,FA95579,R,,3,,,SEF,239,,129,75.6,117.8,494.0,1650,,,,,,,,,,,,,,48,6P,,,,,blood on bill
,142,03,08,2021,Sandringham,GBNOR,,FA95563,R,,3,,,SEF,244,,137,82.0,125.2,570.0,1654,,,,,,,,,,,,,,48,5L,,,,,
,143,03,08,2021,Sandringham,GBNOR,,FA95576,R,,3,,,SEF,241,,125,71.3,114.2,505.0,1657,,,,,,,,,,,,,,48,6K,,,,,
,144,03,08,2021,Sandringham,GBNOR,,FA95574,R,,3,,,SEF,254,,125,70.9,115.2,454.0,1700,,,,,,,,,,,,,,49,6H,,,,,
,145,03,08,2021,Sandringham,GBNOR,,FA95572,R,,3,,,SEF,252,,135,71.0,115.5,526.0,1702,,,,,,,,,,,,,,49,6C,,,,,
,146,03,08,2021,Sandringham,GBNOR,,FA95547,R,,3,,,JAC,251,,128,72.8,108.2,475.0,1709,,,,,,,,,,,,,,50,4J,,,,,
,147,03,08,2021,Sandringham,GBNOR,,FA95561,R,,3,,,JAC,251,,131,87.6,132.9,544.0,1714,,,,,,,,,,,,,,50,5J,,,,,
,148,03,08,2021,Sandringham,GBNOR,,FA95573,R,,3,,,JAC,253,,129,74.0,120.0,524.0,1730,,,,,,,,,,,,,,54,6E,,,,,
,149,03,08,2021,Sandringham,GBNOR,,FA95550,R,,3,,,JAC,257,,126,72.0,115.4,523.0,1746,,,,,,,,,,,,,,52,,,,,,formerly 4N; no colours
,150,03,08,2021,Sandringham,GBNOR,,FA95556,R,,3,,,JAC,246,,137,82.4,133.7,597.0,1752,,,,,,,,,,,,,,51,4Y,,,,,really bad wing
,151,03,08,2021,Sandringham,GBNOR,,FA95552,R,,3,,,JAC,260,,129,90.8,140.0,608.0,1758,,,,,,,,,,,,,,51,4T,,,,,
,152,10,08,2021,Ken Hill,GBNOR,,FA95564,R,,3,,,LTP,261,,137,82.5,130.5,662.0,0937,,,,,,,,,,,,,,54,5N,,,,,
,153,10,08,2021,Ken Hill,GBNOR,,FA95578,R,,3,,,LTP,257,,137,87.5,130.0,628.0,0946,,,,,,,,,,,,,,53,6N,,,,,
Y,154,10,08,2021,Ken Hill,GBNOR,,FA95581,H,,3,,,LTP,287,,132,93.0,141.0,629.0,0950,,,,,,,,,,,,,,56,6U,YFN(6U)O,,Y,M,
,155,10,08,2021,Ken Hill,GBNOR,,FA95575,R,,3,,,LTP,261,,135,87.0,133.0,574.0,0956,,,,,,,,,,,,,,54,6J,YFN(6J)O,,Y,M,
,156,10,08,2021,Ken Hill,GBNOR,,FA95569,R,,3,,,LTP,256,,136,83.5,126.5,640.0,0958,,,,,,,,,,,,,,51,5X,YFN(5X)O,,Y,M,
,157,10,08,2021,Ken Hill,GBNOR,,FA95567,R,,3,,,LTP,253,,126,83.0,125.0,540.0,1011,,,,,,,,,,,,,,55,5U,YFN(5U)O,,Y,M,
,158,10,08,2021,Ken Hill,GBNOR,,FA95571,R,,3,,,SEF,263,,131,88.5,133.0,597.0,1026,,,,,,,,,,,,,,51,6A,YFN(6A)O,,Y,M,
,159,10,08,2021,Ken Hill,GBNOR,,FA95565,R,,3,,,SEF,275,,137,92.5,137.5,598.0,1030,,,,,,,,,,,,,,54,5P,YFN(5P)O,,Y,M,
,160,10,08,2021,Ken Hill,GBNOR,,FA95566,R,,3,,,SEF,275,,135,89.5,133.5,574.0,1034,,,,,,,,,,,,,,55,5T,YFN(5T)O,,Y,M,
,161,10,08,2021,Ken Hill,GBNOR,,FA95570,R,,3,,,CK,259,,141,86.0,127.5,592.0,1038,,,,,,,,,,,,,,52,5Y,YFN(5Y)O,,Y,M,
,162,10,08,2021,Ken Hill,GBNOR,,FA95577,R,,3,,,CK,263,,134,88.0,131.0,610.0,1051,,,,,,,,,,,,,,51,6L,YFN(6L)O,,Y,M,
,163,10,08,2021,Ken Hill,GBNOR,,FA95580,R,,3,,,CK,233,,120,66.5,106.5,508.0,1107,,,,,,,,,,,,,,51,6T,YFN(6T)O,,Y,M,
,164,10,08,2021,Ken Hill,GBNOR,,FA95568,R,,3,,,CK,279,,135,94.5,137.5,605.0,1113,,,,,,,,,,,,,,55,5V,YFN(5V)O,,Y,M,
,165,24,06,2022,Pensthorpe,GBNOR,,FA95582,H,1,3,,,SEF,237,,145,74.0,119.6,632.1,1545,,,,,,,,,,,,,,35,6V,YFN(6V)O,,Y,M,
,166,24,06,2022,Pensthorpe,GBNOR,,FA95583,H,1,3,,,SEF,234,,139,66.6,111.2,537.7,1550,,,,,,,,,,,,,,35,6X,YFN(6X)O,,Y,M,
,167,24,06,2022,Pensthorpe,GBNOR,,FA95584,H,1,3,,,SEF,233,,132,69.7,111.2,547.5,1600,,,,,,,,,,,,,,34,6Y,YFN(6Y)O,,Y,M,inner primaries slow growing
,168,24,06,2022,Pensthorpe,GBNOR,,FA95585,H,1,3,,,SEF,213,,133,61.5,100.7,544.3,1610,,,,,,,,,,,,,,32,7A,YFN(7A)O,,Y,M,
,169,24,06,2022,Pensthorpe,GBNOR,,FA95586,H,1,3,,,SEF,209,,130,59.4,99.0,503.7,1616,,,,,,,,,,,,,,32,7C,YFN(7C)O,,Y,M,
,170,24,06,2022,Pensthorpe,GBNOR,,FA95587,H,1,3,,,DJH,210,,140,69.7,112.9,594.8,1625,,,,,,,,,,,,,,30,7E,YFN(7E)O,,Y,M,
,171,24,06,2022,Pensthorpe,GBNOR,,FA95588,H,1,3,,,DJH,189,,128,52.4,91.4,402.2,1635,,,,,,,,,,,,,,31,7H,YFN(7H)O,,Y,M,"slow growing, a bit of bad quality for some primaries"
,172,24,06,2022,Pensthorpe,GBNOR,,FA95589,H,1,3,,,DJH,170,,131,59.7,99.4,477.1,1645,,,,,,,,,,,,,,27,7J,YFN(7J)O,,Y,M,
,173,24,06,2022,Pensthorpe,GBNOR,,FA95590,H,1,3,,,DJH,186,,128,50.9,93.0,431.7,1650,,,,,,,,,,,,,,28,7K,YFN(7K)O,,Y,M,
,174,24,06,2022,Pensthorpe,GBNOR,,FA95591,H,1,3,,,DJH,172,,129,59.2,98.6,463.2,1700,,,,,,,,,,,,,,26,7L,YFN(7L)O,,Y,M,
,175,24,06,2022,Pensthorpe,GBNOR,,FA95592,H,1,3,F,,DJH,190,,145,58.4,101.4,498.9,1710,,,,,,,,,,,,,,29,7N,YFN(7N)O,,Y,M,
,176,24,06,2022,Pensthorpe,GBNOR,,FA95593,H,1,3,F,,DJH,194,,146,59.2,101.1,500.7,1720,,,,,,,,,,,,,,29,7P,YFN(7P)O,,Y,M,
,177,24,06,2022,Pensthorpe,GBNOR,,FA95594,H,1,3,,,DJH,180,,136,62.0,102.8,456.3,1730,,,,,,,,,,,,,,27,7T,YFN(7T)O,,Y,M,
,178,24,06,2022,Pensthorpe,GBNOR,,FA95595,H,1,3,F,,DJH,191,,141,59.4,101.5,450.6,1740,,,,,,,,,,,,,,28,7U,YFN(7U)O,,Y,M,
,179,24,06,2022,Pensthorpe,GBNOR,,FA95596,H,1,3,,,DJH,188,,135,51.9,94.5,418.1,1750,,,,,,,,,,,,,,27,7V,YFN(7V)O,,Y,M,
,180,24,06,2022,Pensthorpe,GBNOR,,FA95597,H,1,3,,,DJH,181,,135,51.4,94.1,424.2,1755,,,,,,,,,,,,,,28,7X,YFN(7X)O,,Y,M,
,181,24,06,2022,Pensthorpe,GBNOR,,FA95598,H,1,3,F,,DJH,174,,139,49.0,92.0,402.4,1805,,,,,,,,,,,,,,28,7Y,YFN(7Y)O,,Y,M,
,182,24,06,2022,Pensthorpe,GBNOR,,FA95599,H,1,3,,,DJH,169,,132,47.6,89.2,369.1,1815,,,,,,,,,,,,,,28,8A,YFN(8A)O,,Y,M,
,183,14,07,2022,Ken Hill,GBNOR,,FA95583,R,1,3,M,,KMB,283,,139,96.5,141.1,657.0,1008,,,,,,,,,,,,,,55,6X,YFN(6X)O,,Y,M,gps
,184,14,07,2022,Ken Hill,GBNOR,,FA95587,R,1,3,F,,SEF,290,,141,104.6,150.0,787.0,1012,,,,,,,,,,,,,,50,7E,YFN(7E)O,,Y,M,gps
,185,14,07,2022,Ken Hill,GBNOR,,FA95586,R,1,3,M,,NAC,274,,129,88.9,131.9,674.0,1021,,,,,,,,,,,,,,52,7C,YFN(7C)O,,Y,M,P9/10 damage; not for gps
,186,14,07,2022,Ken Hill,GBNOR,,FA95593,R,1,3,F,,NAC,282,,145,94.6,141.0,695.0,1034,,,,,,,,,,,,,,49,7P,YFN(7P)O,,Y,M,P9/10 slightly bent
,187,14,07,2022,Ken Hill,GBNOR,,FA95592,R,1,3,F,,KMB,277,,146,93.0,139.7,617.0,1044,,,,,,,,,,,,,,49,7N,YFN(7N)O,,Y,M,radio
,188,14,07,2022,Ken Hill,GBNOR,,FA95595,R,1,3,F,,GDC,281,,141,93.0,140.2,613.0,1053,,,,,,,,,,,,,,48,7U,YFN(7U)O,,Y,M,gps
,189,14,07,2022,Ken Hill,GBNOR,,FA95588,R,1,3,M,,NAC,266,,129,78.1,118.0,492.0,1107,,,,,,,,,,,,,,51,7H,YFN(7H)O,,Y,M,no tag
,190,14,07,2022,Ken Hill,GBNOR,,FA95599,R,1,3,M,,KMB,262,,134,75.2,115.8,499.0,1116,,,,,,,,,,,,,,48,8A,YFN(8A)O,,Y,M,early bumblefoot; radio
,191,14,07,2022,Ken Hill,GBNOR,,FA95589,R,1,3,F,,GDC,271,,133,97.6,141.3,650.0,1125,,,,,,,,,,,,,,47,7J,YFN(7J)O,,Y,M,early bumblefoot; radio
,192,14,07,2022,Sandringham,GBNOR,,FA95585,R,1,3,M,,RMG,276,,127,88.1,131.6,703.0,1017,,,,,,,,,,,,,,52,7A,YFN(7A)O,,Y,M,radio
,193,14,07,2022,Sandringham,GBNOR,,FA95584,R,1,3,M,,NAC,279,,131,94.0,151.0,628.0,1025,,,,,,,,,,,,,,54,6Y,YFN(6Y)O,,Y,M,gps - primaries ok
,194,14,07,2022,Sandringham,GBNOR,,FA95582,R,1,3,F,,KMB,292,,149,108.5,158.0,761.0,1030,,,,,,,,,,,,,,55,6V,YFN(6V)O,,Y,M,radio; S5-7 (3 feathers) short on R wing
,195,14,07,2022,Sandringham,GBNOR,,FA95597,R,1,3,M,,NAC,262,,134,75.7,120.1,535.0,1039,,,,,,,,,,,,,,48,7X,YFN(7X)O,,Y,M,
,196,14,07,2022,Sandringham,GBNOR,,FA95590,R,1,3,M,,NAC,272,,129,84.7,128.6,548.0,1048,,,,,,,,,,,,,,48,7K,YFN(7K)O,,Y,M,"gps; bump on upper mandible by nostril, 2mm across"
,197,14,07,2022,Sandringham,GBNOR,,FA95594,R,1,3,F,,NAC,278,,137,96.5,141.0,618.0,1058,,,,,,,,,,,,,,47,7T,YFN(7T)O,,Y,M,bumblefoot
,198,14,07,2022,Sandringham,GBNOR,,FA95596,R,1,3,M,,NAC,275,,137,79.8,123.7,552.0,1111,,,,,,,,,,,,,,47,7V,YFN(7V)O,,Y,M,bumblefoot - left; left P10-7 damage
,199,14,07,2022,Sandringham,GBNOR,,FA95591,R,1,3,F,,KMB,272,,133,95.3,138.9,603.0,1120,,,,,,,,,,,,,,46,7L,YFN(7L)O,,Y,M,radio
,200,14,07,2022,Sandringham,GBNOR,,FA95598,R,1,3,F,,GDC,273,,141,82.0,128.2,666.0,1130,,,,,,,,,,,,,,48,7Y,YFN(7Y)O,,Y,M,gps
,201,20,07,2022,Pensthorpe,GBNOR,,FA95600,H,2,3,M,,SEF,215,,133,79.2,121.0,502.1,1421,,,,,,,,,,,,,,55,8C,YFN(8C)O,,Y,M,outer primaries still growing
,202,20,07,2022,Pensthorpe,GBNOR,,FJ78401,H,2,3,M,,CBG,242,,139,66.1,109.9,482.0,1434,,,,,,,,,,,,,,38,8E,YFN(8E)O,,Y,M,
,203,20,07,2022,Pensthorpe,GBNOR,,FJ78402,H,2,3,M,,CBG,217,,128,59.2,98.8,419.0,1443,,,,,,,,,,,,,,34,8H,YFN(8H)O,,Y,M,
,204,20,07,2022,Pensthorpe,GBNOR,,FJ78403,H,2,3,M,,CBG,282,,135,90.8,135.7,538.0,1457,,,,,,,,,,,,,,55,8J,YFN(8J)O,,Y,M,right P7 broken; right P1 long; left P10 broken
,205,20,07,2022,Pensthorpe,GBNOR,,FJ78404,H,2,3,M,,CBG,293,,137,80.6,120.3,490.3,1506,,,,,,,,,,,,,,56,8K,YFN(8K)O,,Y,M,right P8 = 2; right P3 = 3; left P8 = 3; left P9-10 = 4
,206,20,07,2022,Pensthorpe,GBNOR,,FJ78405,H,2,3,F,,CBG,241,,140,104.2,151.0,569.0,1519,,,,,,,,,,,,,,52,8L,YFN(8L)O,,Y,M,P7-10 still growing
,207,20,07,2022,Pensthorpe,GBNOR,,FJ78406,H,2,3,F,,CBG,237,,140,111.8,156.0,676.8,1530,,,,,,,,,,,,,,53,8N,YFN(8N)O,,Y,M,"right P6-10 growing; left P5 missing, 6-10 growing"
<<<<<<< HEAD
Not released,208,20,07,2022,Pensthorpe,GBNOR,,FJ78407,H,2,3,M,,CBG,224,,135,82.8,124.7,507.5,1542,,,,,,,,,,,,,,55,8P,YFN(8P)O,,Y,M,right P7-10 growing; DEEMED UNFIT FOR RELEASE
=======
,208,20,07,2022,Pensthorpe,GBNOR,,FJ78407,H,2,3,M,,CBG,224,,135,82.8,124.7,507.5,1542,,,,,,,,,,,,,,55,8P,YFN(8P)O,,Y,M,right P7-10 growing; DEEMED UNFIT FOR RELEASE
>>>>>>> 4e6e453704612065faf22e9f71c67b6cf3c35d58
,209,03,08,2022,Sandringham,GBNOR,,FJ78404,R,2,3,M,,JAG,292,,133,89.0,132.9,529.5,1000,,,,,,,,,,,,,,70,8K,YFN(8K)O,,Y,M,"gps; fit small male, otherwise ok"
,210,03,08,2022,Sandringham,GBNOR,,FJ78405,R,2,3,F,,JAG,282,,139,116.8,166.0,749.6,1000,,,,,,,,,,,,,,66,8L,YFN(8L)O,,Y,M,"gps; slight nick one primary, otherwise good"
,211,03,08,2022,Sandringham,GBNOR,,FJ78402,R,2,3,M,,JAG,269,,123,74.3,112.7,509.5,1000,,,,,,,,,,,,,,48,8H,YFN(8H)O,,Y,M,radio; P10 still growing (both sides)
,212,03,08,2022,Sandringham,GBNOR,,FA95600,R,2,3,M,,JAG,260,,130,87.3,129.5,537.8,1000,,,,,,,,,,,,,,69,8C,YFN(8C)O,,Y,M,radio; Had previous issues (white 19); LEFT - P2 missing; P3/4 still growing; P9/10 short; RIGHT - P10 short
,213,03,08,2022,Sandringham,GBNOR,,FJ78401,R,2,3,M,,JAG,282,,136,79.1,123.9,539.4,1000,,,,,,,,,,,,,,52,8E,YFN(8E)O,,Y,M,gps; ok
,214,03,08,2022,Sandringham,GBNOR,,FJ78403,R,2,3,M,,HTE,275,,133,98.8,141.4,635.7,1000,,,,,,,,,,,,,,69,8J,YFN(8J)O,,Y,M,right P7 broken; otherwise same feather condition as 20/07
<<<<<<< HEAD
Not released,215,03,08,2022,Pensthorpe,GBNOR,,FJ78407,R,2,3,M,,,,,,,,504.4,1000,,,,,,,,,,,,,,69,8P,YFN(8P)O,,Y,M,"held back; Limping after release back into pen following weighing; right P8 crap; P9 missing; P10 = 2; losing weight subsequently, deemed unfit for release"
=======
,215,03,08,2022,Pensthorpe,GBNOR,,FJ78407,R,2,3,M,,,,,,,,504.4,1000,,,,,,,,,,,,,,69,8P,YFN(8P)O,,Y,M,"held back; Limping after release back into pen following weighing; right P8 crap; P9 missing; P10 = 2; losing weight subsequently, deemed unfit for release"
>>>>>>> 4e6e453704612065faf22e9f71c67b6cf3c35d58
,216,03,08,2022,Sandringham,GBNOR,,FJ78406,R,2,3,F,,JAG,280,,138,126.9,183.0,805.4,1000,,,,,,,,,,,,,,67,8N,YFN(8N)O,,Y,M,"radio; Right P10 = 4; Left P5 = missing, P9 = 4, P10 = 4"
,217,03,08,2022,Pensthorpe,GBNOR,,FJ78408,H,3,3,,,CBG,256,,134,79.2,122.0,532.2,1510,,,,,,,,,,,,,,46,8T,YFN(8T)O,,Y,M,Right P10 = 4
,218,03,08,2022,Pensthorpe,GBNOR,,FJ78409,H,3,3,,,CBG,271,,139,92.6,134.0,597.3,1520,,,,,,,,,,,,,,47,8U,YFN(8U)O,,Y,M,Right P10 = 4
,219,03,08,2022,Pensthorpe,GBNOR,,FJ78410,H,3,3,,,CBG,270,,135,80.4,119.0,616.1,1530,,,,,,,,,,,,,,50,8V,YFN(8V)O,,Y,M,White wing patches = small amount
,220,03,08,2022,Pensthorpe,GBNOR,,FJ78411,H,3,3,,,CBG,274,,141,100.1,146.0,599.0,1540,,,,,,,,,,,,,,47,8X,YFN(8X)O,,Y,M,
,221,03,08,2022,Pensthorpe,GBNOR,,FJ78412,H,3,3,,,CBG,270,,137,79.3,119.0,536.4,1550,,,,,,,,,,,,,,47,8Y,YFN(8Y)O,,Y,M,Right P10 = 4
,222,03,08,2022,Pensthorpe,GBNOR,,FJ78413,H,3,3,,,CBG,260,,140,86.0,129.0,547.3,1610,,,,,,,,,,,,,,46,9A,YFN(9A)O,,Y,M,Right P9-10 = 4
,223,03,08,2022,Pensthorpe,GBNOR,,FJ78414,H,3,3,,,CBG,253,,131,72.5,112.3,473.2,1620,,,,,,,,,,,,,,47,9C,YFN(9C)O,,Y,M,Right P10 = 4
,224,03,08,2022,Pensthorpe,GBNOR,,FJ78415,H,3,3,,,CBG,253,,137,68.8,108.2,534.0,1630,,,,,,,,,,,,,,43,9E,YFN(9E)O,,Y,M,Right P10 = 4
,225,03,08,2022,Pensthorpe,GBNOR,,FJ78416,H,3,3,,,CBG,250,,130,77.7,115.3,493.8,1640,,,,,,,,,,,,,,46,9H,YFN(9H)O,,Y,M,Right P10 = 4
,226,03,08,2022,Pensthorpe,GBNOR,,FJ78417,H,3,3,,,CBG,260,A,142,73.8,114.5,581.4,1650,,,,,,,,,,,,,,43,9J,YFN(9J)O,,Y,M,Right P10 = 4
,227,03,08,2022,Pensthorpe,GBNOR,,FJ78418,H,3,3,,,CBG,257,,136,71.9,110.6,478.8,1658,,,,,,,,,,,,,,45,9K,YFN(9K)O,,Y,M,Right P10 = 4
,228,03,08,2022,Pensthorpe,GBNOR,,FJ78419,H,3,3,,,CBG,268,,152,87.8,134.0,655.6,1707,,,,,,,,,,,,,,42,9L,YFN(9L)O,,Y,M,Right P10 = 4
,229,09,08,2022,Ken Hill,GBNOR,,FJ78410,R,3,3,,,KAT,269,A,133,81.5,124.0,529.2,0950,,,,,,,,,,,,,,56,8V,YFN(8V)O,,Y,M,little bit of white in wing (all primaries)
,230,09,08,2022,Ken Hill,GBNOR,,FJ78409,R,3,3,,,KAT,283,,135,100.4,144.0,611.8,0955,,,,,,,,,,,,,,53,8U,YFN(8U)O,,Y,M,little bit of pale shading; 2 pin feathers; P10 = 5
,231,09,08,2022,Ken Hill,GBNOR,,FJ78412,R,3,3,,,KAT,274,,138,86.7,127.2,580.0,1000,,,,,,,,,,,,,,53,8Y,YFN(8Y)O,,Y,M,P10 = 5
,232,09,08,2022,Ken Hill,GBNOR,,FJ78408,R,3,3,,,KMB,265,,128,83.6,128.4,587.6,1009,,,,,,,,,,,,,,52,8T,YFN(8T)O,,Y,M,bill skinned; good feathers
,233,09,08,2022,Ken Hill,GBNOR,,FJ78414,R,3,3,,,KMB,257,,130,77.9,120.3,487.6,1014,,,,,,,,,,,,,,53,9C,YFN(9C)O,,Y,M,"good feathers, P10 = 5"
,234,09,08,2022,Ken Hill,GBNOR,,FJ78411,R,3,3,,,KMB,290,,136,107.6,162.0,669.8,1017,,,,,,,,,,,,,,53,8X,YFN(8X)O,,Y,M,"good feathers, P10 = 5"
,235,15,08,2022,Ken Hill,GBNOR,,FJ78419,R,4,3,,,KMB,295,A,144,107.0,155.0,811.0,,,,,,,,,,,,,,,54,9L,YFN(9L)O,,Y,M,gps 223958
,236,15,08,2022,Ken Hill,GBNOR,,FJ78417,R,4,3,,,KMB,277,,140,85.0,130.0,668.0,,,,,,,,,,,,,,,55,9J,YFN(9J)O,,Y,M,gps 203287
,237,15,08,2022,Ken Hill,GBNOR,,FJ78415,R,4,3,,,KMB,269,,134,81.0,124.0,619.0,,,,,,,,,,,,,,,55,9E,YFN(9E)O,,Y,M,radio 173.940
,238,15,08,2022,Ken Hill,GBNOR,,FJ78416,R,4,3,,,KMB,272,,127,90.0,131.0,593.0,,,,,,,,,,,,,,,58,9H,YFN(9H)O,,Y,M,radio 173.818
,239,15,08,2022,Ken Hill,GBNOR,,FJ78413,R,4,3,,,KMB,288,,139,106.0,147.0,635.0,,,,,,,,,,,,,,,58,9A,YFN(9A)O,,Y,M,radio 173.857
<<<<<<< HEAD
,240,15,08,2022,Ken Hill,GBNOR,,FJ78418,R,4,3,,,KMB,277,,135,87.0,133.0,558.0,,,,,,,,,,,,,,,57,9K,YFN(9K)O,,Y,M,radio 173.762
,241,26,06,2023,Pensthorpe,GBNOR,,FJ78437,H,1,3,,,KMB,199,,137,61.4,104.6,465.6,1351,,,,,,,,,,,,,,31,XA,YFN(XA)O,,Y,M,
,242,26,06,2023,Pensthorpe,GBNOR,,FJ78438,H,1,3,,,KMB,190,,139,57.3,102.9,456.1,1358,,,,,,,,,,,,,,31,XC,YFN(XC)O,,Y,M,
,243,26,06,2023,Pensthorpe,GBNOR,,FJ78439,H,1,3,,,KMB,163,,140,55.6,100.7,432.5,1406,,,,,,,,,,,,,,29,XE,YFN(XE)O,,Y,M,
,244,26,06,2023,Pensthorpe,GBNOR,,FJ78440,H,1,3,,,KMB,194,,132,53.9,97.8,448.5,1412,,,,,,,,,,,,,,31,XH,YFN(XH)O,,Y,M,
,245,26,06,2023,Pensthorpe,GBNOR,,FJ78441,H,1,3,,,KMB,221,,143,69.6,114.7,573.9,1417,,,,,,,,,,,,,,35,XJ,YFN(XJ)O,,Y,M,
,246,26,06,2023,Pensthorpe,GBNOR,,FJ78442,H,1,3,,,KMB,212,,134,54.6,96.2,408.9,1423,,,,,,,,,,,,,,35,XK,YFN(XK)O,,Y,M,issue with spine joint between leg + spine. DO NOT TAG
,247,26,06,2023,Pensthorpe,GBNOR,,FJ78443,H,1,3,,,KMB,192,,131,51.6,94.7,365.3,1432,,,,,,,,,,,,,,31,XL,YFN(XL)O,,Y,M,
,248,26,06,2023,Pensthorpe,GBNOR,,FJ78444,H,1,3,,,KMB,170,,138,53.6,96.4,395.6,1450,,,,,,,,,,,,,,30,XP,YFN(XP)O,,Y,M,
,249,26,06,2023,Pensthorpe,GBNOR,,FJ78445,H,1,3,,,KMB,189,,126,48.7,92.5,416.6,1456,,,,,,,,,,,,,,31,XT,YFN(XT)O,,Y,M,
,250,26,06,2023,Pensthorpe,GBNOR,,FJ78446,H,1,3,,,KMB,,,,,,,,,,,,,,,,,,,,,28,LK,YFN(LK)O,,Y,M,badly blistered wings; was ok last Friday; flagged at later date
,251,26,06,2023,Pensthorpe,GBNOR,,FJ78447,H,1,3,,,KMB,200,,145,60.4,105.3,449.7,1514,,,,,,,,,,,,,,31,XU,YFN(XU)O,,Y,M,
,252,26,06,2023,Pensthorpe,GBNOR,,FJ78448,H,1,3,,,KMB,185,,134,55.8,97.5,385.2,1521,,,,,,,,,,,,,,31,XV,YFN(XV)O,,Y,M,
,253,03,07,2023,Pensthorpe,GBNOR,,FJ78449,H,2,3,M,,KMB,194,,136,57.2,100.5,452.5,1150,,,,,,,,,,,,,,36,XX,YFN(XX)O,,Y,M,S1 pulled L+R
,254,03,07,2023,Pensthorpe,GBNOR,,FJ78450,H,2,3,M,,KMB,200,,132,54.7,98.3,439.8,1207,,,,,,,,,,,,,,36,XY,YFN(XY)O,,Y,M,4 secondaries pulled L+R (8 total)
,255,03,07,2023,Pensthorpe,GBNOR,,FJ78451,H,2,3,F,,KMB,220,,138,77.1,121.6,591.0,1218,,,,,,,,,,,,,,38,YA,YFN(YA)O,,Y,M,bendy tarsii - possibly do not tag
,256,03,07,2023,Pensthorpe,GBNOR,,FJ78452,H,2,3,M,,KMB,197,,130,52.5,92.5,374.1,1231,,,,,,,,,,,,,,38,YC,YFN(YC)O,,Y,M,ok
,257,03,07,2023,Pensthorpe,GBNOR,,FJ78453,H,2,3,,,KMB,195,,130,53.9,95.6,365.1,1238,,,,,,,,,,,,,,36,YE,YFN(YE)O,,Y,M,ok; assisted hatch
,258,03,07,2023,Pensthorpe,GBNOR,,FJ78454,H,2,3,F,,KMB,184,,132,52.9,95.2,439.7,1244,,,,,,,,,,,,,,38,YH,YFN(YH)O,,Y,M,ok
,259,03,07,2023,Pensthorpe,GBNOR,,FJ78455,H,2,3,M,,KMB,192,,131,54.0,95.5,438.4,1250,,,,,,,,,,,,,,36,YJ,YFN(YJ)O,,Y,M,ok
,260,03,07,2023,Pensthorpe,GBNOR,,FJ78456,H,2,3,F,,KMB,222,,135,78.6,113.0,553.7,1256,,,,,,,,,,,,,,39,YK,YFN(YK)O,,Y,M,ok
,261,19,07,2023,Sandringham,GBNOR,,FJ78441,R,,3,F,,KMB,302,,141,108.0,156.0,778.9,1156,,,,,,,,,,,,,,59,XJ,YFN(XJ)O,,Y,M,toe curling for tarsus msmt
,262,19,07,2023,Sandringham,GBNOR,,FJ78440,R,,3,M,,KMB,270,,132.5,89.0,137.0,628.2,1200,,,,,,,,,,,,,,55,XH,YFN(XH)O,,Y,M,
,263,19,07,2023,Sandringham,GBNOR,,FJ78451,R,,3,,,KMB,283,,139,107.0,157.0,685.3,1206,,,,,,,,,,,,,,54,YA,YFN(YA)O,,Y,M,"slightly bent left primaries, slight bumblefoot; lazy bird"
,264,19,07,2023,Sandringham,GBNOR,,FJ78442,R,,3,M,,KMB,285,,136,85.0,129.0,561.7,1217,,,,,,,,,,,,,,59,XK,YFN(XK)O,,Y,M,scoliosis
,265,19,07,2023,Sandringham,GBNOR,,FJ78456,R,,3,F,,KMB,280,,135,100.0,145.0,672.2,1226,,,,,,,,,,,,,,55,YK,YFN(YK)O,,Y,M,bit stressy initially
,266,19,07,2023,Sandringham,GBNOR,,FJ78439,R,,3,F,,KMB,273,,142,100.0,148.0,679.4,1220,,,,,,,,,,,,,,52,XE,YFN(XE)O,,Y,M,feisty
,267,19,07,2023,Sandringham,GBNOR,,FJ78443,R,,3,M,,KMB,265,,132,85.0,128.0,620.3,1222,,,,,,,,,,,,,,55,XL,YFN(XL)O,,Y,M,
,268,19,07,2023,Sandringham,GBNOR,,FJ78438,R,,3,F,,KMB,284,,140,99.0,148.0,657.9,1232,,,,,,,,,,,,,,55,XC,YFN(XC)O,,Y,M,slightly worn primary tips
,269,19,07,2023,Sandringham,GBNOR,,FJ78437,R,,3,F,,KMB,279,,139,103.0,147.0,677.6,1236,,,,,,,,,,,,,,55,XA,YFN(XA)O,,Y,M,minor bumblefoot (left)
,270,21,07,2023,Ken Hill,GBNOR,,FJ78445,R,,3,,,SEF,274,,127,75.0,124.0,510.8,0941,,,,,,,,,,,,,,57,XT,YFN(XT)O,,Y,M,primary feathers small abrasions
,271,21,07,2023,Ken Hill,GBNOR,,FJ78450,R,,3,,,SEF,275,A,130,75.0,120.0,555.1,0945,,,,,,,,,,,,,,54,XY,YFN(XY)O,,Y,M,primary lost tips
,272,21,07,2023,Ken Hill,GBNOR,,FJ78444,R,,3,,,SEF,280,,138,93.0,135.0,621.3,0950,,,,,,,,,,,,,,56,SP,YFN(SP)O,,Y,M,
,273,21,07,2023,Ken Hill,GBNOR,,FJ78455,R,,3,M,,SEF,271,A,130,77.0,120.0,499.9,0955,,,,,,,,,,,,,,54,YJ,YFN(YJ)O,,Y,M,
,274,21,07,2023,Ken Hill,GBNOR,,FJ78447,R,,3,,,SEF,297,,146,104.0,151.0,723.4,0959,,,,,,,,,,,,,,57,XU,YFN(XU)O,,Y,M,
,275,21,07,2023,Ken Hill,GBNOR,,FJ78448,R,,3,,,SEF,290,,135,100.0,144.0,638.1,1004,,,,,,,,,,,,,,57,XV,YFN(XV)O,,Y,M,bad bumblefoot; dropped wings the day after ringing but then was ok subsequently
,276,21,07,2023,Ken Hill,GBNOR,,FJ78454,R,,3,,,SEF,265,,132,73.0,118.0,566.5,1009,,,,,,,,,,,,,,56,YH,YFN(YH)O,,Y,M,P10 = 4 (still growing)
,277,21,07,2023,Ken Hill,GBNOR,,FJ78449,R,,3,,,SEF,276,,137,80.0,126.0,546.9,1014,,,,,,,,,,,,,,54,XX,YFN(XX)O,,Y,M,
,278,21,07,2023,Pensthorpe,GBNOR,,FJ78457,H,,3,F,,KMB,263,,133,85.0,126.5,594.8,1049,,,,,,,,,,,,,,49,YN,YFN(YN)O,,Y,M,
,279,21,07,2023,Pensthorpe,GBNOR,,FJ78458,H,,3,M,,KMB,255,,133,71.9,113.8,484.3,1058,,,,,,,,,,,,,,55,YP,YFN(YP)O,,Y,M,bad left leg
,280,21,07,2023,Pensthorpe,GBNOR,,FJ78459,H,,3,M,,KMB,250,,136,73.2,119.4,537.1,1108,,,,,,,,,,,,,,44,YL,YFN(YL)O,,Y,M,
Euthanised,281,21,07,2023,Pensthorpe,GBNOR,,FJ78460,H,,3,,,KMB,251,,129,79.8,119.7,430.1,1126,,,,,,,,,,,,,,49,YT,YFN(YT)O,,Y,M,slight bumblefoot. All secondaries were pulled and regrown
,282,21,07,2023,Pensthorpe,GBNOR,,FJ78461,H,,3,F,,KMB,245,,138,76.1,121.1,643.4,1148,,,,,,,,,,,,,,44,YU,YFN(YU)O,,Y,M,
,283,21,07,2023,Pensthorpe,GBNOR,,FJ78462,H,,3,,,KMB,,,130,72.5,113.8,496.4,1156,,,,,,,,,,,,,,44,YV,YFN(YV)O,,Y,M,Feathers still growing
,284,21,07,2023,Pensthorpe,GBNOR,,FJ78463,H,,3,F,,KMB,,,134,66.5,110.1,497.4,1207,,,,,,,,,,,,,,43,YX,YFN(YX)O,,Y,M,Feathers still growing (=4)
,285,21,07,2023,Pensthorpe,GBNOR,,FJ78464,H,,3,F,,KMB,,,131,74.4,118.1,547.1,1231,,,,,,,,,,,,,,50,YY,YFN(YY)O,,Y,M,Feathers still growing (=4)
,286,21,07,2023,Pensthorpe,GBNOR,,FJ78465,H,,3,M,,KMB,,,124,62.3,103.0,415.6,,,,,,,,,,,,,,,42,LA,YFN(LA)O,,Y,M,Feathers still growing (=4)
,287,21,07,2023,Pensthorpe,GBNOR,,FJ78466,H,,3,M,,KMB,215,,127,60.3,103.4,468.6,1252,,,,,,,,,,,,,,,LC,YFN(LC)O,,Y,M,
,288,04,08,2023,Pensthorpe,GBNOR,,FJ78458,R,,3,M,,KMB,268,,133,90.2,131.0,536.4,0937,,,,,,,,,,,,,,69,YP,YFN(YP)O,,Y,M,
,289,04,08,2023,Pensthorpe,GBNOR,,FJ78459,R,,3,M,,KMB,277,,135,94.8,139.0,571.2,0941,,,,,,,,,,,,,,58,YL,YFN(YL)O,,Y,M,
,290,04,08,2023,Pensthorpe,GBNOR,,FJ78457,R,,3,F,,KMB,282,,133,98.7,145.0,621.6,0945,,,,,,,,,,,,,,63,YN,YFN(YN)O,,Y,M,
,291,04,08,2023,Pensthorpe,GBNOR,,FJ78453,R,,3,,,KMB,283,,132,100.1,143.0,708.6,0949,,,,,,,,,,,,,,68,YE,YFN(YE)O,,Y,M,
,292,04,08,2023,Pensthorpe,GBNOR,,FJ78452,R,,3,,,KMB,266,,131,94.5,137.0,,,,,,,,,,,,,,,,70,YC,YFN(YC)O,,Y,M,
,293,04,08,2023,Pensthorpe,GBNOR,,FJ78461,R,,3,F,,KMB,285,,138,99.9,130.0,210.2,1010,,,,,,,,,,,,,,58,YU,YFN(YU)O,,Y,M,
,294,04,08,2023,Pensthorpe,GBNOR,,FJ78462,R,,3,,,KMB,,,,,,546.3,1024,,,,,,,,,,,,,,,YV,YFN(YV)O,,Y,M,
,295,04,08,2023,Pensthorpe,GBNOR,,FJ78465,R,,3,M,,KMB,265,,125,84.7,126.0,528.6,1042,,,,,,,,,,,,,,56,LA,YFN(LA)O,,Y,M,
,296,04,08,2023,Pensthorpe,GBNOR,,FJ78463,R,,3,F,,KMB,280,,133,90.4,135.0,625.0,1046,,,,,,,,,,,,,,57,YX,YFN(YX)O,,Y,M,
,297,04,08,2023,Pensthorpe,GBNOR,,FJ78466,R,,3,M,,KMB,201,,128,79.5,122.0,556.7,1050,,,,,,,,,,,,,,59,LC,YFN(LC)O,,Y,M,right wing 271
,298,04,08,2023,Pensthorpe,GBNOR,,FJ78467,H,,3,,,KMB,261,,134,117.0,165.0,647.5,1435,,,,,,,,,,,,,,75,LE,YFN(LE)O,,Y,M,bill damage
Euthanised,299,04,08,2023,Pensthorpe,GBNOR,,FJ78468,H,,3,,,KMB,271,,133,79.0,119.0,509.2,1452,,,,,,,,,,,,,,63,LH,YFN(LH)O,,Y,M,right wing 269 abraded
,300,04,08,2023,Pensthorpe,GBNOR,,FJ78469,H,,3,,,KMB,263,,139,86.5,131.0,655.8,1501,,,,,,,,,,,,,,47,LJ,YFN(LJ)O,,Y,M,wing not fully grown
,301,04,08,2023,Pensthorpe,GBNOR,,FJ78446,R,,3,,,KMB,208,,139,85.0,141.0,623.8,1508,,,,,,,,,,,,,,67,LK,YFN(LK)O,,Y,M,wing not fully grown
,302,04,08,2023,Pensthorpe,GBNOR,,FJ78470,H,,3,,,KMB,258,,138,86.0,128.0,575.0,1519,,,,,,,,,,,,,,58,LL,YFN(LL)O,,Y,M,
,303,04,08,2023,Pensthorpe,GBNOR,,FJ78471,H,,3,,,KMB,270,,134,89.0,139.0,636.5,1527,,,,,,,,,,,,,,58,LN,YFN(LN)O,,Y,M,
,304,04,08,2023,Pensthorpe,GBNOR,,FJ78472,H,,3,,,KMB,221,,139,65.9,111.2,600.7,1543,,,,,,,,,,,,,,38,LP,YFN(LP)O,,Y,M,
,305,10,08,2023,Pensthorpe,GBNOR,,FJ78471,R,,3,,,KMB,277,,,,,602.6,1015,,,,,,,,,,,,,,,LN,YFN(LN)O,,Y,M,
,306,10,08,2023,Pensthorpe,GBNOR,,FJ78469,R,,3,,,KMB,279,,,,,644.5,1018,,,,,,,,,,,,,,,LJ,YFN(LJ)O,,Y,M,
,307,10,08,2023,Pensthorpe,GBNOR,,FJ78472,R,,3,,,KMB,251,,,,,632.7,1021,,,,,,,,,,,,,,,LP,YFN(LP)O,,Y,M,
,308,10,08,2023,Pensthorpe,GBNOR,,FJ78470,R,,3,,,KMB,257,,,,,552.2,1025,,,,,,,,,,,,,,,LL,YFN(LL)O,,Y,M,
,309,10,08,2023,Pensthorpe,GBNOR,,FJ78446,R,,3,,,KMB,229,,,,,637.7,1028,,,,,,,,,,,,,,,LK,YFN(LK)O,,Y,M,
,310,17,08,2023,Pensthorpe,GBNOR,,FJ78463,R,,3,F,,NAC,297,,,105.0,,615.0,,,,,,,,,,,,,,,,YX,YFN(YX)O,,Y,M,"feathers grown out well. Small old damage on bill, top upper mandible"
,311,17,08,2023,Sandringham,GBNOR,,FJ78467,R,,3,,,NAC,273,,,,,,,,,,,,,,,,,,,,,LE,YFN(LE)O,,Y,M,broken left primary tips; right wing P10 = 208mm; P9 = 174mm
,312,17,08,2023,Sandringham,GBNOR,,FJ78465,R,,3,M,,NAC,283,,,101.0,,524.0,,,,,,,,,,,,,,,,LA,YFN(LA)O,,Y,M,right wing P8 still short = score 4
,313,17,08,2023,Sandringham,GBNOR,,FJ78466,R,,3,M,,NAC,280,,,86.0,,547.0,,,,,,,,,,,,,,,,LC,YFN(LC)O,,Y,M,wing still growing
,314,17,08,2023,Pensthorpe,GBNOR,,FJ78473,H,,3,,,NAC,294,,,122.0,,,,,,,,,,,,,,,,,,LT,YFN(LT)O,,Y,M,P8 pulled again. Sophie cut before. Can fly well.
,315,17,08,2023,Pensthorpe,GBNOR,,FJ78474,H,,3,,,NAC,275,,,103.0,,,,,,,,,,,,,,,,,,LU,YFN(LU)O,,Y,M,
,316,17,08,2023,Pensthorpe,GBNOR,,FJ78475,H,,3,F,,NAC,282,,,80.0,,549.3,,,,,,,,,,,,,,,,LV,YFN(LV)O,,Y,M,New feathers left wing look good. Left wing 185
,317,17,08,2023,Pensthorpe,GBNOR,,FJ78476,H,,3,M,,NAC,243,,,94.0,,,,,,,,,,,,,,,,,,LX,YFN(LX)O,,Y,M,left wing 224
,318,17,08,2023,Pensthorpe,GBNOR,,FJ78477,H,,3,F,,NAC,245,,,92.0,,,,,,,,,,,,,,,,,,LY,YFN(LY)O,,Y,M,left wing 244
Euthanised,319,17,08,2023,Pensthorpe,GBNOR,,FJ78478,H,,3,F,,NAC,157,,,127.0,,,,,,,,,,,,,,,,,,KA,YFN(KA)O,,Y,M,"left wing 291. Feathers pulled right wing, 8,7,6,5,4"
,320,17,08,2023,Pensthorpe,GBNOR,,FJ78479,H,,3,M,,NAC,176,,,97.0,,,,,,,,,,,,,,,,,,KC,YFN(KC)O,,Y,M,"Not full wing measurement, p10 not fully grown. left wing 248. p1-3 good, p8 pulled, p10 missing (?) right wing. p10+2 missing (?) left wing"
,321,17,08,2023,Pensthorpe,GBNOR,,FJ78462,R,,3,,,NAC,207,,,103.0,,,,,,,,,,,,,,,,,,YV,YFN(YV)O,,Y,M,wing measurement is for p5. left wing 240. p8 pulled right wing. p10 missing both wings
,322,17,08,2023,Pensthorpe,GBNOR,,FJ78480,H,,3,F,,NAC,289,,,115.0,,,,,,,,,,,,,,,,,,KE,YFN(KE)O,,Y,M,left wing 252
,323,17,08,2023,Pensthorpe,GBNOR,,FJ78481,H,,3,F,,NAC,235,,,118.0,,,,,,,,,,,,,,,,,,KH,YFN(KH)O,,Y,M,left wing 167.
,324,17,08,2023,Pensthorpe,GBNOR,,FJ78464,R,,3,F,,NAC,285,,,105.0,,,,,,,,,,,,,,,,,,YY,YFN(YY)O,,Y,M,left wing 287
Euthanised,325,17,08,2023,Pensthorpe,GBNOR,,FJ78482,H,,3,M,,NAC,267,,,80.0,,,,,,,,,,,,,,,,,,KJ,YFN(KJ)O,,Y,M,"left wing 265. Poor quality feathers, sparse & light. Pulling 1,3,4,5,6 (right wing), 5,6,7 (left wing)"
,326,17,08,2023,Pensthorpe,GBNOR,,FJ78483,H,,3,F,,NAC,205,,,93.0,,,,,,,,,,,,,,,,,,KK,YFN(KK)O,,Y,M,ringed on left leg. left wing 215
,327,17,08,2023,Pensthorpe,GBNOR,,FJ78484,H,,3,M,,NAC,220,,,81.0,,,,,,,,,,,,,,,,,,KL,YFN(KL)O,,Y,M,left wing 220
,328,17,08,2023,Pensthorpe,GBNOR,,FJ78485,H,,3,M,,NAC,,,,86.0,,,,,,,,,,,,,,,,,,KN,YFN(KN)O,,Y,M,left wing p6 pulled. all primaries that were pulled out of pin
,329,17,08,2023,Pensthorpe,GBNOR,,FJ78486,H,,3,M,,NAC,200,,,75.0,,,,,,,,,,,,,,,,,,KP,YFN(KP)O,,Y,M,left wing 190
,330,17,08,2023,Pensthorpe,GBNOR,,FJ78487,H,,3,F,,NAC,278,,,93.0,,,,,,,,,,,,,,,,,,KT,YFN(KT)O,,Y,M,"left wing 275. right wing pulled p6+7, left wing pulled p5,6,7"
Euthanised,331,17,08,2023,Pensthorpe,GBNOR,,FJ78488,H,,3,F,,NAC,273,,,104.0,,,,,,,,,,,,,,,,,,KU,YFN(KU)O,,Y,M,"left wing 268. right wing pulled p10+8, left wing pulled p9+7"
,332,17,08,2023,Pensthorpe,GBNOR,,FJ78489,H,,3,M,,NAC,254,,,99.0,,,,,,,,,,,,,,,,,,KV,YFN(KV)O,,Y,M,"left wing 250; right wing pulled p5,4,3, left wing pulled p3,4,5"
,333,25,08,2023,Sandringham,GBNOR,,FJ78484,R,,3,M,,KMB,238,,,,,507.3,,,,,,,,,,,,,,,,KL,YFN(KL)O,,Y,M,right wing 245
,334,25,08,2023,Sandringham,GBNOR,,FJ78474,R,,3,,,KMB,277,,,,,644.4,,,,,,,,,,,,,,,,LU,YFN(LU)O,,Y,M,right wing 276
,335,25,08,2023,Sandringham,GBNOR,,FJ78480,R,,3,F,,KMB,250,,,,,666.7,,,,,,,,,,,,,,,,KE,YFN(KE)O,,Y,M,right wing 283
,336,05,09,2023,Pensthorpe,GBNOR,,FJ78473,R,,3,,,SEF,296,,,,,,,,,,,,,,,,,,,,,LT,YFN(LT)O,,Y,M,missing p6/7 right wing
,337,05,09,2023,Pensthorpe,GBNOR,,FJ78486,R,,3,M,,SEF,270,,128,93.0,139.0,536.9,1041,,,,,,,,,,,,,,,KP,YFN(KP)O,,Y,M,"left wing 255. p5=4, p10 = 3 right wing. p5/6 = 3, "
,338,05,09,2023,Pensthorpe,GBNOR,,FJ78475,R,,3,F,,SEF,302,,138,100.0,145.0,659.2,1048,,,,,,,,,,,,,,,LV,YFN(LV)O,,Y,M,left wing 277. right wing very good. left p10 growing
,339,05,09,2023,Pensthorpe,GBNOR,,FJ78464,R,,3,F,,SEF,295,,127,107.0,155.0,592.0,1057,,,,,,,,,,,,,,,YY,YFN(YY)O,,Y,M,"left wing 285. right wing good, p8=4; left wing p5 broken, p9=4, p10 damaged"
,340,05,09,2023,Pensthorpe,GBNOR,,FJ78467,R,,3,,,SEF,273,,,,,,,,,,,,,,,,,,,,,LE,YFN(LE)O,,Y,M,pulled coverts and feathers; poor feathers
,341,05,09,2023,Pensthorpe,GBNOR,,FJ78476,R,,3,M,,SEF,288,,133,113.0,155.0,577.5,1122,,,,,,,,,,,,,,,LX,YFN(LX)O,,Y,M,"left wing 284. right wing p7=4, otherwise good; left wing p9=4, p7 broken tip, otherwise good "
,342,15,09,2023,Ken Hill,GBNOR,,FJ78475,R,,3,F,,SEF,306,,137,104.0,148.0,633.5,1050,,,,,,,,,,,,,,,LV,YFN(LV)O,,Y,M,left wing 304; both wings looking good
,343,15,09,2023,Ken Hill,GBNOR,,FJ78486,R,,3,M,,SEF,276,,128,99.0,150.0,528.4,1111,,,,,,,,,,,,,,,KP,YFN(KP)O,,Y,M,"left wing 275, right P10=4; left P10 short still but growing"
,344,15,09,2023,Ken Hill,GBNOR,,FJ78476,R,,3,M,,SEF,287,,132,115.0,159.0,567.4,1120,,,,,,,,,,,,,,,LX,YFN(LX)O,,Y,M,left wing 268 (KMB); left P19+10 not fully grown; Unbalanced. P6 broken.
,345,13,10,2023,Pensthorpe,GBNOR,,FJ78483,R,,3,F,,SEF,295,,132,122.0,170.0,685.8,,,,,,,,,,,,,,,,KK,YFN(KK)O,,Y,M,left = 297
,346,13,10,2023,Pensthorpe,GBNOR,,FJ78464,R,,3,F,,SEF,295,,129,118.0,162.0,669.2,,,,,,,,,,,,,,,,YY,YFN(YY)O,,Y,M,left = 263
,347,13,10,2023,Pensthorpe,GBNOR,,FJ78467,R,,3,,,SEF,271,,,,,739.1,,,,,,,,,,,,,,,,LE,YFN(LE)O,,Y,M,left = 241
=======
,240,15,08,2022,Ken Hill,GBNOR,,FJ78418,R,4,3,,,KMB,277,,135,87.0,133.0,558.0,,,,,,,,,,,,,,,57,9K,YFN(9K)O,,Y,M,radio 173.762
>>>>>>> 4e6e453704612065faf22e9f71c67b6cf3c35d58
